<?xml version="1.0" encoding="UTF-8"?>
<export version="E">
  <design>
    <source>/Users/nunonogueira/Projectos/bubblebutbots/board/bubblebutbot/bubblebutbot.kicad_sch</source>
    <date>Saturday, 25 March 2023 at 13:56:20</date>
    <tool>Eeschema (6.0.6-0)</tool>
    <sheet number="1" name="/" tstamps="/">
      <title_block>
        <title>BubbleButBot Dev Board</title>
        <company/>
        <rev>1.0</rev>
        <date>2023-03-12</date>
        <source>bubblebutbot.kicad_sch</source>
        <comment number="1" value=""/>
        <comment number="2" value=""/>
        <comment number="3" value=""/>
        <comment number="4" value=""/>
        <comment number="5" value=""/>
        <comment number="6" value=""/>
        <comment number="7" value=""/>
        <comment number="8" value=""/>
        <comment number="9" value=""/>
      </title_block>
    </sheet>
  </design>
  <components>
    <comp ref="C1">
      <value>120p</value>
      <footprint>Capacitor_SMD:C_0603_1608Metric_Pad1.08x0.95mm_HandSolder</footprint>
      <datasheet>https://datasheet.lcsc.com/lcsc/1811061822_FH--Guangdong-Fenghua-Advanced-Tech-0603CG121J500NT_C1643.pdf</datasheet>
      <fields>
        <field name="LCSC">C1643</field>
      </fields>
      <libsource lib="Device" part="C" description="Unpolarized capacitor"/>
      <property name="LCSC" value="C1643"/>
      <property name="Sheetname" value=""/>
      <property name="Sheetfile" value="bubblebutbot.kicad_sch"/>
      <sheetpath names="/" tstamps="/"/>
      <tstamps>9f504b45-33fd-42f1-bcb2-5ebf0fc04b82</tstamps>
    </comp>
    <comp ref="C2">
      <value>10u</value>
      <footprint>Capacitor_SMD:C_0603_1608Metric_Pad1.08x0.95mm_HandSolder</footprint>
      <datasheet>https://datasheet.lcsc.com/lcsc/1811021421_Samsung-Electro-Mechanics-CL10A106MP8NNNC_C85713.pdf</datasheet>
      <fields>
        <field name="LCSC">C19702</field>
      </fields>
      <libsource lib="Device" part="C" description="Unpolarized capacitor"/>
      <property name="LCSC" value="C19702"/>
      <property name="Sheetname" value=""/>
      <property name="Sheetfile" value="bubblebutbot.kicad_sch"/>
      <sheetpath names="/" tstamps="/"/>
      <tstamps>f54a410b-a7ff-4d8c-bd1a-878fef7d2885</tstamps>
    </comp>
    <comp ref="C3">
      <value>10u</value>
      <footprint>Capacitor_SMD:C_0603_1608Metric_Pad1.08x0.95mm_HandSolder</footprint>
      <datasheet>https://datasheet.lcsc.com/lcsc/1811021421_Samsung-Electro-Mechanics-CL10A106MP8NNNC_C85713.pdf</datasheet>
      <fields>
        <field name="LCSC">C19702</field>
      </fields>
      <libsource lib="Device" part="C" description="Unpolarized capacitor"/>
      <property name="LCSC" value="C19702"/>
      <property name="Sheetname" value=""/>
      <property name="Sheetfile" value="bubblebutbot.kicad_sch"/>
      <sheetpath names="/" tstamps="/"/>
      <tstamps>4c5aefd1-e27a-49d7-8889-fdfccf78d684</tstamps>
    </comp>
    <comp ref="C4">
      <value>10u</value>
      <footprint>Capacitor_SMD:C_0603_1608Metric_Pad1.08x0.95mm_HandSolder</footprint>
      <datasheet>https://datasheet.lcsc.com/lcsc/1811021421_Samsung-Electro-Mechanics-CL10A106MP8NNNC_C85713.pdf</datasheet>
      <fields>
        <field name="LCSC">C19702</field>
      </fields>
      <libsource lib="Device" part="C" description="Unpolarized capacitor"/>
      <property name="LCSC" value="C19702"/>
      <property name="Sheetname" value=""/>
      <property name="Sheetfile" value="bubblebutbot.kicad_sch"/>
      <sheetpath names="/" tstamps="/"/>
      <tstamps>74ba09cb-1eaa-4371-b55b-9c046e7dc1d0</tstamps>
    </comp>
    <comp ref="D1">
      <value>SS14</value>
      <footprint>Diode_SMD:D_SMA_Handsoldering</footprint>
      <datasheet>https://datasheet.lcsc.com/lcsc/2204121115_MDD-Microdiode-Electronics--SS14_C2480.pdf</datasheet>
      <fields>
        <field name="LCSC">C2480</field>
      </fields>
      <libsource lib="Device" part="D_Schottky" description="Schottky diode"/>
      <property name="LCSC" value="C2480"/>
      <property name="Sheetname" value=""/>
      <property name="Sheetfile" value="bubblebutbot.kicad_sch"/>
      <sheetpath names="/" tstamps="/"/>
      <tstamps>6ae9fddc-c0a4-424f-9375-a0100ffc2f1c</tstamps>
    </comp>
    <comp ref="D2">
      <value>SS14</value>
      <footprint>Diode_SMD:D_SMA_Handsoldering</footprint>
      <datasheet>https://datasheet.lcsc.com/lcsc/2204121115_MDD-Microdiode-Electronics--SS14_C2480.pdf</datasheet>
      <fields>
        <field name="LCSC">C2480</field>
      </fields>
      <libsource lib="Device" part="D_Schottky" description="Schottky diode"/>
      <property name="LCSC" value="C2480"/>
      <property name="Sheetname" value=""/>
      <property name="Sheetfile" value="bubblebutbot.kicad_sch"/>
      <sheetpath names="/" tstamps="/"/>
      <tstamps>8b15f63c-8a2a-442a-970a-30cbc949cafb</tstamps>
    </comp>
    <comp ref="D3">
      <value>LED</value>
      <footprint>LED_SMD:LED_0603_1608Metric_Pad1.05x0.95mm_HandSolder</footprint>
      <datasheet>https://datasheet.lcsc.com/lcsc/2008201032_Foshan-NationStar-Optoelectronics-NCD0603G1_C84267.pdf</datasheet>
      <fields>
        <field name="LCSC">C84267</field>
      </fields>
      <libsource lib="Device" part="LED" description="Light emitting diode"/>
      <property name="LCSC" value="C84267"/>
      <property name="Sheetname" value=""/>
      <property name="Sheetfile" value="bubblebutbot.kicad_sch"/>
      <sheetpath names="/" tstamps="/"/>
      <tstamps>57622419-c7bf-4d53-a76d-decf9ea893bc</tstamps>
    </comp>
    <comp ref="H1">
      <value>MountingHole</value>
      <footprint>MountingHole:MountingHole_3.2mm_M3_ISO14580_Pad</footprint>
      <libsource lib="Mechanical" part="MountingHole" description="Mounting Hole without connection"/>
      <property name="Sheetname" value=""/>
      <property name="Sheetfile" value="bubblebutbot.kicad_sch"/>
      <sheetpath names="/" tstamps="/"/>
      <tstamps>b9dd5ff0-b80e-457b-b1bb-7f0bc7bc81a6</tstamps>
    </comp>
    <comp ref="H2">
      <value>MountingHole</value>
      <footprint>MountingHole:MountingHole_3.2mm_M3_ISO14580_Pad</footprint>
      <libsource lib="Mechanical" part="MountingHole" description="Mounting Hole without connection"/>
      <property name="Sheetname" value=""/>
      <property name="Sheetfile" value="bubblebutbot.kicad_sch"/>
      <sheetpath names="/" tstamps="/"/>
      <tstamps>96606f96-8cf6-48c0-a4b8-ce1a60aacf9e</tstamps>
    </comp>
    <comp ref="J1">
      <value>Screw_Terminal_01x02</value>
      <footprint>TerminalBlock:TerminalBlock_bornier-2_P5.08mm</footprint>
      <fields>
        <field name="LCSC">C8475</field>
      </fields>
      <libsource lib="Connector" part="Screw_Terminal_01x02" description="Generic screw terminal, single row, 01x02, script generated (kicad-library-utils/schlib/autogen/connector/)"/>
      <property name="LCSC" value="C8475"/>
      <property name="Sheetname" value=""/>
      <property name="Sheetfile" value="bubblebutbot.kicad_sch"/>
      <sheetpath names="/" tstamps="/"/>
      <tstamps>5b1accd4-9cc7-4059-bf71-320e28ab9a86</tstamps>
    </comp>
    <comp ref="J2">
      <value>Screw_Terminal_01x02</value>
      <footprint>TerminalBlock:TerminalBlock_bornier-2_P5.08mm</footprint>
      <fields>
        <field name="LCSC">C8475</field>
      </fields>
      <libsource lib="Connector" part="Screw_Terminal_01x02" description="Generic screw terminal, single row, 01x02, script generated (kicad-library-utils/schlib/autogen/connector/)"/>
      <property name="LCSC" value="C8475"/>
      <property name="Sheetname" value=""/>
      <property name="Sheetfile" value="bubblebutbot.kicad_sch"/>
      <sheetpath names="/" tstamps="/"/>
      <tstamps>c8dc4138-503b-44c7-9cd0-28b10993b69e</tstamps>
    </comp>
    <comp ref="J3">
      <value>Conn_01x06_Female</value>
      <footprint>Connector_PinSocket_2.54mm:PinSocket_1x06_P2.54mm_Vertical</footprint>
      <datasheet>https://datasheet.lcsc.com/lcsc/1912111437_HOAUC-2685Y-106CNG1SNA01_C350307.pdf</datasheet>
      <fields>
        <field name="LCSC">C350307</field>
      </fields>
      <libsource lib="Connector" part="Conn_01x06_Female" description="Generic connector, single row, 01x06, script generated (kicad-library-utils/schlib/autogen/connector/)"/>
      <property name="LCSC" value="C350307"/>
      <property name="Sheetname" value=""/>
      <property name="Sheetfile" value="bubblebutbot.kicad_sch"/>
      <sheetpath names="/" tstamps="/"/>
      <tstamps>8e8ffa2e-efea-4ce9-b4fc-fa5247c96146</tstamps>
    </comp>
    <comp ref="J4">
      <value>Conn_01x06_Female</value>
      <footprint>Connector_PinSocket_2.54mm:PinSocket_1x06_P2.54mm_Vertical</footprint>
      <fields>
        <field name="LCSC">C350307</field>
      </fields>
      <libsource lib="Connector" part="Conn_01x06_Female" description="Generic connector, single row, 01x06, script generated (kicad-library-utils/schlib/autogen/connector/)"/>
      <property name="LCSC" value="C350307"/>
      <property name="Sheetname" value=""/>
      <property name="Sheetfile" value="bubblebutbot.kicad_sch"/>
      <sheetpath names="/" tstamps="/"/>
      <tstamps>18f7ac62-b9e4-436b-8811-4703ab5b2123</tstamps>
    </comp>
    <comp ref="J5">
      <value>Screw_Terminal_01x02</value>
      <footprint>TerminalBlock:TerminalBlock_bornier-2_P5.08mm</footprint>
      <fields>
        <field name="LCSC">C8475</field>
      </fields>
      <libsource lib="Connector" part="Screw_Terminal_01x02" description="Generic screw terminal, single row, 01x02, script generated (kicad-library-utils/schlib/autogen/connector/)"/>
      <property name="LCSC" value="C8475"/>
      <property name="Sheetname" value=""/>
      <property name="Sheetfile" value="bubblebutbot.kicad_sch"/>
      <sheetpath names="/" tstamps="/"/>
      <tstamps>001c287b-358a-44ef-abea-f165be21ccc6</tstamps>
    </comp>
    <comp ref="J6">
      <value>Screw_Terminal_01x02</value>
      <footprint>TerminalBlock:TerminalBlock_bornier-2_P5.08mm</footprint>
      <datasheet>https://datasheet.lcsc.com/lcsc/1912251636_Ningbo-Kangnex-Elec-WJ301V-5-0-2P_C8475.pdf</datasheet>
      <fields>
        <field name="LCSC">C8475</field>
      </fields>
      <libsource lib="Connector" part="Screw_Terminal_01x02" description="Generic screw terminal, single row, 01x02, script generated (kicad-library-utils/schlib/autogen/connector/)"/>
      <property name="LCSC" value="C8475"/>
      <property name="Sheetname" value=""/>
      <property name="Sheetfile" value="bubblebutbot.kicad_sch"/>
      <sheetpath names="/" tstamps="/"/>
      <tstamps>cddf1ba5-2303-44ef-b0e2-520bd79e323d</tstamps>
    </comp>
    <comp ref="Q1">
      <value>FDN336P</value>
      <footprint>Package_TO_SOT_SMD:SOT-23</footprint>
      <datasheet>https://datasheet.lcsc.com/lcsc/2001131004_Shikues-FDN336P_C475693.pdf</datasheet>
      <fields>
        <field name="LCSC">C475693</field>
      </fields>
      <libsource lib="Transistor_FET" part="FDN340P" description="2A Id, 20V Vds, P-Channel MOSFET, 70mOhm Ron, SOT-23"/>
      <property name="LCSC" value="C475693"/>
      <property name="Sheetname" value=""/>
      <property name="Sheetfile" value="bubblebutbot.kicad_sch"/>
      <sheetpath names="/" tstamps="/"/>
      <tstamps>b38694ef-806e-41de-844a-63249bc387ea</tstamps>
    </comp>
    <comp ref="R1">
      <value>5</value>
      <footprint>Resistor_SMD:R_0805_2012Metric_Pad1.20x1.40mm_HandSolder</footprint>
      <datasheet>https://datasheet.lcsc.com/lcsc/2206010200_UNI-ROYAL-Uniroyal-Elec-0805W8F510KT5E_C17724.pdf</datasheet>
      <fields>
        <field name="LCSC">C17724</field>
        <field name="descp">5 OHM 5% 1/3W 0805</field>
      </fields>
      <libsource lib="Device" part="R" description="Resistor"/>
      <property name="descp" value="5 OHM 5% 1/3W 0805"/>
      <property name="LCSC" value="C17724"/>
      <property name="Sheetname" value=""/>
      <property name="Sheetfile" value="bubblebutbot.kicad_sch"/>
      <sheetpath names="/" tstamps="/"/>
      <tstamps>ab6c6080-697d-43ed-a3f6-d7fcc0337ffe</tstamps>
    </comp>
    <comp ref="R2">
      <value>1k</value>
      <footprint>Resistor_SMD:R_0603_1608Metric_Pad0.98x0.95mm_HandSolder</footprint>
      <datasheet>https://datasheet.lcsc.com/lcsc/2206010130_UNI-ROYAL-Uniroyal-Elec-0603WAF1001T5E_C21190.pdf</datasheet>
      <fields>
        <field name="LCSC">C21190</field>
      </fields>
      <libsource lib="Device" part="R" description="Resistor"/>
      <property name="LCSC" value="C21190"/>
      <property name="Sheetname" value=""/>
      <property name="Sheetfile" value="bubblebutbot.kicad_sch"/>
      <sheetpath names="/" tstamps="/"/>
      <tstamps>d00e9190-5a8b-4a3b-9479-7f60b7ae0f16</tstamps>
    </comp>
    <comp ref="R3">
      <value>10k</value>
      <footprint>Resistor_SMD:R_0603_1608Metric_Pad0.98x0.95mm_HandSolder</footprint>
      <datasheet>https://datasheet.lcsc.com/lcsc/2206010045_UNI-ROYAL-Uniroyal-Elec-0603WAF1002T5E_C25804.pdf</datasheet>
      <fields>
        <field name="LCSC">C25804</field>
      </fields>
      <libsource lib="Device" part="R" description="Resistor"/>
      <property name="LCSC" value="C25804"/>
      <property name="Sheetname" value=""/>
      <property name="Sheetfile" value="bubblebutbot.kicad_sch"/>
      <sheetpath names="/" tstamps="/"/>
      <tstamps>7125c799-bf52-42df-b02a-c7b7503fbdd2</tstamps>
    </comp>
    <comp ref="R4">
      <value>33k</value>
      <footprint>Resistor_SMD:R_0603_1608Metric_Pad0.98x0.95mm_HandSolder</footprint>
      <datasheet>https://datasheet.lcsc.com/lcsc/1811082127_YAGEO-AC0603FR-0733KL_C138282.pdf</datasheet>
      <fields>
        <field name="LCSC">C138282</field>
      </fields>
      <libsource lib="Device" part="R" description="Resistor"/>
      <property name="LCSC" value="C138282"/>
      <property name="Sheetname" value=""/>
      <property name="Sheetfile" value="bubblebutbot.kicad_sch"/>
      <sheetpath names="/" tstamps="/"/>
      <tstamps>889cb2fc-6c6c-4f1b-a7d6-6e8cc984589d</tstamps>
    </comp>
    <comp ref="U1">
      <value>WeMos_D1_mini</value>
      <footprint>Module:WEMOS_D1_mini_light</footprint>
      <datasheet>https://wiki.wemos.cc/products:d1:d1_mini#documentation</datasheet>
      <libsource lib="MCU_Module" part="WeMos_D1_mini" description="32-bit microcontroller module with WiFi"/>
      <property name="Sheetname" value=""/>
      <property name="Sheetfile" value="bubblebutbot.kicad_sch"/>
      <sheetpath names="/" tstamps="/"/>
      <tstamps>da718a90-3943-4b49-b1ee-6d249cd17cc8</tstamps>
    </comp>
    <comp ref="U3">
      <value>TPS613222ADBV</value>
      <footprint>Package_TO_SOT_SMD:SOT-23-5</footprint>
      <datasheet>http://www.ti.com/lit/ds/symlink/tps61322.pdf</datasheet>
      <fields>
        <field name="LCSC">C2071163</field>
      </fields>
      <libsource lib="Regulator_Switching" part="TPS613222ADBV" description="1.8A Step-Up Converter, 5V Output Voltage, 0.9-5.5V Input Voltage, SOT-23-5"/>
      <property name="LCSC" value="C2071163"/>
      <property name="Sheetname" value=""/>
      <property name="Sheetfile" value="bubblebutbot.kicad_sch"/>
      <sheetpath names="/" tstamps="/"/>
      <tstamps>9333a7df-1b8f-4fb1-9783-ec0becc0dfa0</tstamps>
    </comp>
  </components>
  <libparts>
    <libpart lib="Connector" part="Conn_01x06_Female">
      <description>Generic connector, single row, 01x06, script generated (kicad-library-utils/schlib/autogen/connector/)</description>
      <docs>~</docs>
      <footprints>
        <fp>Connector*:*_1x??_*</fp>
      </footprints>
      <fields>
        <field name="Reference">J</field>
        <field name="Value">Conn_01x06_Female</field>
        <field name="Datasheet">~</field>
      </fields>
      <pins>
        <pin num="1" name="Pin_1" type="passive"/>
        <pin num="2" name="Pin_2" type="passive"/>
        <pin num="3" name="Pin_3" type="passive"/>
        <pin num="4" name="Pin_4" type="passive"/>
        <pin num="5" name="Pin_5" type="passive"/>
        <pin num="6" name="Pin_6" type="passive"/>
      </pins>
    </libpart>
    <libpart lib="Connector" part="Screw_Terminal_01x02">
      <description>Generic screw terminal, single row, 01x02, script generated (kicad-library-utils/schlib/autogen/connector/)</description>
      <docs>~</docs>
      <footprints>
        <fp>TerminalBlock*:*</fp>
      </footprints>
      <fields>
        <field name="Reference">J</field>
        <field name="Value">Screw_Terminal_01x02</field>
        <field name="Datasheet">~</field>
      </fields>
      <pins>
        <pin num="1" name="Pin_1" type="passive"/>
        <pin num="2" name="Pin_2" type="passive"/>
      </pins>
    </libpart>
    <libpart lib="Device" part="C">
      <description>Unpolarized capacitor</description>
      <docs>~</docs>
      <footprints>
        <fp>C_*</fp>
      </footprints>
      <fields>
        <field name="Reference">C</field>
        <field name="Value">C</field>
        <field name="Datasheet">~</field>
      </fields>
      <pins>
        <pin num="1" name="" type="passive"/>
        <pin num="2" name="" type="passive"/>
      </pins>
    </libpart>
    <libpart lib="Device" part="D_Schottky">
      <description>Schottky diode</description>
      <docs>~</docs>
      <footprints>
        <fp>TO-???*</fp>
        <fp>*_Diode_*</fp>
        <fp>*SingleDiode*</fp>
        <fp>D_*</fp>
      </footprints>
      <fields>
        <field name="Reference">D</field>
        <field name="Value">D_Schottky</field>
        <field name="Datasheet">~</field>
      </fields>
      <pins>
        <pin num="1" name="K" type="passive"/>
        <pin num="2" name="A" type="passive"/>
      </pins>
    </libpart>
    <libpart lib="Device" part="LED">
      <description>Light emitting diode</description>
      <docs>~</docs>
      <footprints>
        <fp>LED*</fp>
        <fp>LED_SMD:*</fp>
        <fp>LED_THT:*</fp>
      </footprints>
      <fields>
        <field name="Reference">D</field>
        <field name="Value">LED</field>
        <field name="Datasheet">~</field>
      </fields>
      <pins>
        <pin num="1" name="K" type="passive"/>
        <pin num="2" name="A" type="passive"/>
      </pins>
    </libpart>
    <libpart lib="Device" part="R">
      <description>Resistor</description>
      <docs>~</docs>
      <footprints>
        <fp>R_*</fp>
      </footprints>
      <fields>
        <field name="Reference">R</field>
        <field name="Value">R</field>
        <field name="Datasheet">~</field>
      </fields>
      <pins>
        <pin num="1" name="" type="passive"/>
        <pin num="2" name="" type="passive"/>
      </pins>
    </libpart>
    <libpart lib="MCU_Module" part="WeMos_D1_mini">
      <description>32-bit microcontroller module with WiFi</description>
      <docs>https://wiki.wemos.cc/products:d1:d1_mini#documentation</docs>
      <footprints>
        <fp>WEMOS*D1*mini*</fp>
      </footprints>
      <fields>
        <field name="Reference">U</field>
        <field name="Value">WeMos_D1_mini</field>
        <field name="Footprint">Module:WEMOS_D1_mini_light</field>
        <field name="Datasheet">https://wiki.wemos.cc/products:d1:d1_mini#documentation</field>
      </fields>
      <pins>
        <pin num="1" name="~{RST}" type="input"/>
        <pin num="2" name="A0" type="input"/>
        <pin num="3" name="D0" type="bidirectional"/>
        <pin num="4" name="SCK/D5" type="bidirectional"/>
        <pin num="5" name="MISO/D6" type="bidirectional"/>
        <pin num="6" name="MOSI/D7" type="bidirectional"/>
        <pin num="7" name="CS/D8" type="bidirectional"/>
        <pin num="8" name="3V3" type="power_out"/>
        <pin num="9" name="5V" type="power_in"/>
        <pin num="10" name="GND" type="power_in"/>
        <pin num="11" name="D4" type="bidirectional"/>
        <pin num="12" name="D3" type="bidirectional"/>
        <pin num="13" name="SDA/D2" type="bidirectional"/>
        <pin num="14" name="SCL/D1" type="bidirectional"/>
        <pin num="15" name="RX" type="input"/>
        <pin num="16" name="TX" type="output"/>
      </pins>
    </libpart>
    <libpart lib="Mechanical" part="MountingHole">
      <description>Mounting Hole without connection</description>
      <docs>~</docs>
      <footprints>
        <fp>MountingHole*</fp>
      </footprints>
      <fields>
        <field name="Reference">H</field>
        <field name="Value">MountingHole</field>
        <field name="Datasheet">~</field>
      </fields>
    </libpart>
    <libpart lib="Regulator_Switching" part="TPS613222ADBV">
      <description>1.8A Step-Up Converter, 5V Output Voltage, 0.9-5.5V Input Voltage, SOT-23-5</description>
      <docs>http://www.ti.com/lit/ds/symlink/tps61322.pdf</docs>
      <footprints>
        <fp>SOT?23*</fp>
      </footprints>
      <fields>
        <field name="Reference">U</field>
        <field name="Value">TPS613222ADBV</field>
        <field name="Footprint">Package_TO_SOT_SMD:SOT-23-5</field>
        <field name="Datasheet">http://www.ti.com/lit/ds/symlink/tps61322.pdf</field>
      </fields>
      <pins>
        <pin num="1" name="SW" type="power_in"/>
        <pin num="2" name="GND" type="power_in"/>
        <pin num="3" name="NC" type="no_connect"/>
        <pin num="4" name="VOUT" type="power_out"/>
        <pin num="5" name="NC" type="no_connect"/>
      </pins>
    </libpart>
    <libpart lib="Transistor_FET" part="FDN340P">
      <description>2A Id, 20V Vds, P-Channel MOSFET, 70mOhm Ron, SOT-23</description>
      <docs>https://www.onsemi.com/pub/Collateral/FDN340P-D.PDF</docs>
      <footprints>
        <fp>SOT?23*</fp>
      </footprints>
      <fields>
        <field name="Reference">Q</field>
        <field name="Value">FDN340P</field>
        <field name="Footprint">Package_TO_SOT_SMD:SOT-23</field>
        <field name="Datasheet">https://www.onsemi.com/pub/Collateral/FDN340P-D.PDF</field>
      </fields>
      <pins>
        <pin num="1" name="G" type="input"/>
        <pin num="2" name="S" type="passive"/>
        <pin num="3" name="D" type="passive"/>
      </pins>
    </libpart>
  </libparts>
  <libraries>
    <library logical="Connector">
      <uri>/Applications/KiCad/KiCad.app/Contents/SharedSupport/symbols//Connector.kicad_sym</uri>
    </library>
    <library logical="Device">
      <uri>/Applications/KiCad/KiCad.app/Contents/SharedSupport/symbols//Device.kicad_sym</uri>
    </library>
    <library logical="MCU_Module">
      <uri>/Applications/KiCad/KiCad.app/Contents/SharedSupport/symbols//MCU_Module.kicad_sym</uri>
    </library>
    <library logical="Mechanical">
      <uri>/Applications/KiCad/KiCad.app/Contents/SharedSupport/symbols//Mechanical.kicad_sym</uri>
    </library>
    <library logical="Regulator_Switching">
      <uri>/Applications/KiCad/KiCad.app/Contents/SharedSupport/symbols//Regulator_Switching.kicad_sym</uri>
    </library>
    <library logical="Transistor_FET">
      <uri>/Applications/KiCad/KiCad.app/Contents/SharedSupport/symbols//Transistor_FET.kicad_sym</uri>
    </library>
  </libraries>
  <nets>
    <net code="1" name="BATTERY_LVL">
      <node ref="R3" pin="2" pintype="passive"/>
      <node ref="R4" pin="1" pintype="passive"/>
      <node ref="U1" pin="2" pinfunction="A0" pintype="input"/>
    </net>
    <net code="2" name="GND">
      <node ref="C2" pin="2" pintype="passive"/>
      <node ref="C3" pin="2" pintype="passive"/>
      <node ref="C4" pin="2" pintype="passive"/>
      <node ref="D3" pin="1" pinfunction="K" pintype="passive"/>
      <node ref="J4" pin="4" pinfunction="Pin_4" pintype="passive"/>
      <node ref="J5" pin="1" pinfunction="Pin_1" pintype="passive"/>
      <node ref="R4" pin="2" pintype="passive"/>
      <node ref="U1" pin="10" pinfunction="GND" pintype="power_in"/>
      <node ref="U3" pin="2" pinfunction="GND" pintype="power_in"/>
    </net>
    <net code="3" name="IN1">
      <node ref="J4" pin="1" pinfunction="Pin_1" pintype="passive"/>
      <node ref="U1" pin="14" pinfunction="SCL/D1" pintype="bidirectional"/>
    </net>
    <net code="4" name="IN2">
      <node ref="J4" pin="2" pinfunction="Pin_2" pintype="passive"/>
      <node ref="U1" pin="13" pinfunction="SDA/D2" pintype="bidirectional"/>
    </net>
    <net code="5" name="IN3">
      <node ref="J4" pin="5" pinfunction="Pin_5" pintype="passive"/>
      <node ref="U1" pin="4" pinfunction="SCK/D5" pintype="bidirectional"/>
    </net>
    <net code="6" name="IN4">
      <node ref="J4" pin="6" pinfunction="Pin_6" pintype="passive"/>
      <node ref="U1" pin="11" pinfunction="D4" pintype="bidirectional"/>
    </net>
    <net code="7" name="Net-(C1-Pad1)">
      <node ref="C1" pin="1" pintype="passive"/>
      <node ref="R1" pin="2" pintype="passive"/>
    </net>
    <net code="8" name="Net-(C1-Pad2)">
      <node ref="C1" pin="2" pintype="passive"/>
      <node ref="C2" pin="1" pintype="passive"/>
      <node ref="C3" pin="1" pintype="passive"/>
      <node ref="C4" pin="1" pintype="passive"/>
      <node ref="D1" pin="1" pinfunction="K" pintype="passive"/>
      <node ref="Q1" pin="2" pinfunction="S" pintype="passive"/>
      <node ref="U3" pin="4" pinfunction="VOUT" pintype="power_out"/>
    </net>
    <net code="9" name="Net-(D1-Pad2)">
      <node ref="D1" pin="2" pinfunction="A" pintype="passive"/>
      <node ref="J5" pin="2" pinfunction="Pin_2" pintype="passive"/>
      <node ref="R1" pin="1" pintype="passive"/>
      <node ref="R3" pin="1" pintype="passive"/>
      <node ref="U3" pin="1" pinfunction="SW" pintype="power_in"/>
    </net>
    <net code="10" name="Net-(D3-Pad2)">
      <node ref="D3" pin="2" pinfunction="A" pintype="passive"/>
      <node ref="R2" pin="2" pintype="passive"/>
    </net>
    <net code="11" name="Net-(J1-Pad1)">
      <node ref="J1" pin="1" pinfunction="Pin_1" pintype="passive"/>
      <node ref="J3" pin="3" pinfunction="Pin_3" pintype="passive"/>
    </net>
    <net code="12" name="Net-(J1-Pad2)">
      <node ref="J1" pin="2" pinfunction="Pin_2" pintype="passive"/>
      <node ref="J3" pin="2" pinfunction="Pin_2" pintype="passive"/>
    </net>
    <net code="13" name="Net-(J2-Pad1)">
      <node ref="J2" pin="1" pinfunction="Pin_1" pintype="passive"/>
      <node ref="J3" pin="5" pinfunction="Pin_5" pintype="passive"/>
    </net>
    <net code="14" name="Net-(J2-Pad2)">
      <node ref="J2" pin="2" pinfunction="Pin_2" pintype="passive"/>
      <node ref="J3" pin="4" pinfunction="Pin_4" pintype="passive"/>
    </net>
    <net code="15" name="Net-(U1-Pad6)">
      <node ref="R2" pin="1" pintype="passive"/>
      <node ref="U1" pin="6" pinfunction="MOSI/D7" pintype="bidirectional"/>
    </net>
    <net code="16" name="SERVO_PWM">
      <node ref="J6" pin="1" pinfunction="Pin_1" pintype="passive"/>
      <node ref="U1" pin="5" pinfunction="MISO/D6" pintype="bidirectional"/>
    </net>
    <net code="17" name="SPLY">
      <node ref="D2" pin="1" pinfunction="K" pintype="passive"/>
      <node ref="J4" pin="3" pinfunction="Pin_3" pintype="passive"/>
      <node ref="J6" pin="2" pinfunction="Pin_2" pintype="passive"/>
      <node ref="Q1" pin="3" pinfunction="D" pintype="passive"/>
    </net>
    <net code="18" name="WEMOS_USB_POWER">
      <node ref="D2" pin="2" pinfunction="A" pintype="passive"/>
      <node ref="Q1" pin="1" pinfunction="G" pintype="input"/>
      <node ref="U1" pin="9" pinfunction="5V" pintype="power_in"/>
    </net>
    <net code="19" name="unconnected-(J3-Pad1)">
      <node ref="J3" pin="1" pinfunction="Pin_1" pintype="passive+no_connect"/>
    </net>
    <net code="20" name="unconnected-(J3-Pad6)">
      <node ref="J3" pin="6" pinfunction="Pin_6" pintype="passive+no_connect"/>
    </net>
    <net code="21" name="unconnected-(U1-Pad1)">
      <node ref="U1" pin="1" pinfunction="~{RST}" pintype="input+no_connect"/>
    </net>
    <net code="22" name="unconnected-(U1-Pad3)">
      <node ref="U1" pin="3" pinfunction="D0" pintype="bidirectional+no_connect"/>
    </net>
    <net code="23" name="unconnected-(U1-Pad7)">
      <node ref="U1" pin="7" pinfunction="CS/D8" pintype="bidirectional+no_connect"/>
    </net>
    <net code="24" name="unconnected-(U1-Pad8)">
      <node ref="U1" pin="8" pinfunction="3V3" pintype="power_out+no_connect"/>
    </net>
    <net code="25" name="unconnected-(U1-Pad12)">
      <node ref="U1" pin="12" pinfunction="D3" pintype="bidirectional+no_connect"/>
    </net>
    <net code="26" name="unconnected-(U1-Pad15)">
      <node ref="U1" pin="15" pinfunction="RX" pintype="input+no_connect"/>
    </net>
    <net code="27" name="unconnected-(U1-Pad16)">
      <node ref="U1" pin="16" pinfunction="TX" pintype="output+no_connect"/>
    </net>
    <net code="28" name="unconnected-(U3-Pad3)">
      <node ref="U3" pin="3" pinfunction="NC" pintype="no_connect"/>
    </net>
    <net code="29" name="unconnected-(U3-Pad5)">
      <node ref="U3" pin="5" pinfunction="NC" pintype="no_connect"/>
    </net>
  </nets>
</export>
